geoid,name,race,estimate,moe
09,Connecticut,Asian,157406,1395
09,Connecticut,Black,351817,1870
09,Connecticut,Latino,561791,NA
09,Connecticut,Other,91794,2853.08
09,Connecticut,Total,3581504,NA
09,Connecticut,White,2418696,1034
09001,Fairfield County,Asian,49375,830
09001,Fairfield County,Black,99412,934
09001,Fairfield County,Latino,182653,NA
09001,Fairfield County,Other,23934,1490.3
09001,Fairfield County,Total,944348,NA
09001,Fairfield County,White,588974,691
0900104720,Bethel,Asian,1320,377
0900104720,Bethel,Black,447,340
0900104720,Bethel,Latino,1435,310
0900104720,Bethel,Other,245,112.83
0900104720,Bethel,Total,19551,32
0900104720,Bethel,White,16104,618
0900108070,Bridgeport,Asian,5025,905
0900108070,Bridgeport,Black,48114,1746
0900108070,Bridgeport,Latino,58534,1717
0900108070,Bridgeport,Other,5014,825.11
0900108070,Bridgeport,Total,146417,64
0900108070,Bridgeport,White,29730,1420
0900108980,Brookfield,Asian,892,325
0900108980,Brookfield,Black,211,135
0900108980,Brookfield,Latino,1048,354
0900108980,Brookfield,Other,282,171.61
0900108980,Brookfield,Total,17013,42
0900108980,Brookfield,White,14580,501
0900118500,Danbury,Asian,5070,640
0900118500,Danbury,Black,6880,1241
0900118500,Danbury,Latino,25518,1349
0900118500,Danbury,Other,4443,860.87
0900118500,Danbury,Total,84479,39
0900118500,Danbury,White,42568,1549
0900118850,Darien,Asian,1114,294
0900118850,Darien,Black,181,112
0900118850,Darien,Latino,791,266
0900118850,Darien,Other,332,148.77
0900118850,Darien,Total,21759,45
0900118850,Darien,White,19341,378
0900123890,Easton,Asian,220,121
0900123890,Easton,Black,2,4
0900123890,Easton,Latino,363,208
0900123890,Easton,Other,56,66.84
0900123890,Easton,Total,7558,31
0900123890,Easton,White,6917,243
0900126620,Fairfield,Asian,2734,478
0900126620,Fairfield,Black,1104,284
0900126620,Fairfield,Latino,3595,519
0900126620,Fairfield,Other,1539,322.65
0900126620,Fairfield,Total,61598,37
0900126620,Fairfield,White,52626,862
0900133620,Greenwich,Asian,4777,558
0900133620,Greenwich,Black,2076,540
0900133620,Greenwich,Latino,8640,839
0900133620,Greenwich,Other,1547,331.99
0900133620,Greenwich,Total,62574,41
0900133620,Greenwich,White,45534,1119
0900148620,Monroe,Asian,1059,482
0900148620,Monroe,Black,263,215
0900148620,Monroe,Latino,959,360
0900148620,Monroe,Other,466,324.73
0900148620,Monroe,Total,19621,33
0900148620,Monroe,White,16874,686
0900150580,New Canaan,Asian,898,276
0900150580,New Canaan,Black,288,164
0900150580,New Canaan,Latino,1072,361
0900150580,New Canaan,Other,379,162.47
0900150580,New Canaan,Total,20273,22
0900150580,New Canaan,White,17636,466
0900150860,New Fairfield,Asian,114,61
0900150860,New Fairfield,Black,110,69
0900150860,New Fairfield,Latino,1004,323
0900150860,New Fairfield,Other,281,184.03
0900150860,New Fairfield,Total,13992,35
0900150860,New Fairfield,White,12483,333
0900152980,Newtown,Asian,484,228
0900152980,Newtown,Black,378,214
0900152980,Newtown,Latino,1924,712
0900152980,Newtown,Other,290,126.86
0900152980,Newtown,Total,27853,26
0900152980,Newtown,White,24777,796
0900156060,Norwalk,Asian,4433,616
0900156060,Norwalk,Black,11896,1230
0900156060,Norwalk,Latino,24711,1506
0900156060,Norwalk,Other,1643,381.08
0900156060,Norwalk,Total,88436,62
0900156060,Norwalk,White,45753,1455
0900163480,Redding,Asian,114,73
0900163480,Redding,Black,79,91
0900163480,Redding,Latino,367,228
0900163480,Redding,Other,178,134.27
0900163480,Redding,Total,9209,20
0900163480,Redding,White,8471,290
0900163970,Ridgefield,Asian,844,291
0900163970,Ridgefield,Black,244,144
0900163970,Ridgefield,Latino,1207,361
0900163970,Ridgefield,Other,492,233.78
0900163970,Ridgefield,Total,25070,32
0900163970,Ridgefield,White,22283,548
0900168170,Shelton,Asian,1735,326
0900168170,Shelton,Black,643,332
0900168170,Shelton,Latino,3350,574
0900168170,Shelton,Other,431,183.86
0900168170,Shelton,Total,41155,38
0900168170,Shelton,White,34996,785
0900168310,Sherman,Asian,122,105
0900168310,Sherman,Black,0,12
0900168310,Sherman,Latino,106,59
0900168310,Sherman,Other,95,91.81
0900168310,Sherman,Total,3641,21
0900168310,Sherman,White,3318,171
0900173070,Stamford,Asian,11124,1044
0900173070,Stamford,Black,16266,1044
0900173070,Stamford,Latino,33664,1618
0900173070,Stamford,Other,2809,595.22
0900173070,Stamford,Total,129026,43
0900173070,Stamford,White,65163,1766
0900174190,Stratford,Asian,1356,529
0900174190,Stratford,Black,8280,622
0900174190,Stratford,Latino,8621,708
0900174190,Stratford,Other,1031,327.67
0900174190,Stratford,Total,52279,42
0900174190,Stratford,White,32991,872
0900177200,Trumbull,Asian,2193,509
0900177200,Trumbull,Black,1497,433
0900177200,Trumbull,Latino,3259,605
0900177200,Trumbull,Other,725,281
0900177200,Trumbull,Total,36174,31
0900177200,Trumbull,White,28500,872
0900183430,Weston,Asian,320,94
0900183430,Weston,Black,139,113
0900183430,Weston,Latino,654,223
0900183430,Weston,Other,495,200.45
0900183430,Weston,Total,10288,44
0900183430,Weston,White,8680,342
0900183500,Westport,Asian,1833,361
0900183500,Westport,Black,127,98
0900183500,Westport,Latino,1181,426
0900183500,Westport,Other,711,256.03
0900183500,Westport,Total,27840,28
0900183500,Westport,White,23988,548
0900186370,Wilton,Asian,1594,285
0900186370,Wilton,Black,187,99
0900186370,Wilton,Latino,650,289
0900186370,Wilton,Other,450,143.31
0900186370,Wilton,Total,18542,25
0900186370,Wilton,White,15661,438
09003,Hartford County,Asian,46327,655
09003,Hartford County,Black,114565,851
09003,Hartford County,Latino,157785,NA
09003,Hartford County,Other,22628,1273.47
09003,Hartford County,Total,894730,NA
09003,Hartford County,White,553425,408
0900302060,Avon,Asian,2284,381
0900302060,Avon,Black,140,119
0900302060,Avon,Latino,847,338
0900302060,Avon,Other,340,157.7
0900302060,Avon,Total,18338,27
0900302060,Avon,White,14727,457
0900304300,Berlin,Asian,415,165
0900304300,Berlin,Black,221,205
0900304300,Berlin,Latino,975,288
0900304300,Berlin,Other,281,215.19
0900304300,Berlin,Total,20519,22
0900304300,Berlin,White,18627,473
0900305910,Bloomfield,Asian,553,307
0900305910,Bloomfield,Black,11936,597
0900305910,Bloomfield,Latino,1628,539
0900305910,Bloomfield,Other,612,241.36
0900305910,Bloomfield,Total,20952,37
0900305910,Bloomfield,White,6223,536
0900308490,Bristol,Asian,1163,456
0900308490,Bristol,Black,2806,817
0900308490,Bristol,Latino,9945,1055
0900308490,Bristol,Other,1574,393.82
0900308490,Bristol,Total,60308,42
0900308490,Bristol,White,44820,1293
0900310100,Burlington,Asian,128,89
0900310100,Burlington,Black,73,95
0900310100,Burlington,Latino,268,157
0900310100,Burlington,Other,115,91.85
0900310100,Burlington,Total,9607,22
0900310100,Burlington,White,9023,236
0900312270,Canton,Asian,498,407
0900312270,Canton,Black,274,240
0900312270,Canton,Latino,484,272
0900312270,Canton,Other,165,107.96
0900312270,Canton,Total,10306,21
0900312270,Canton,White,8885,557
0900322070,East Granby,Asian,137,110
0900322070,East Granby,Black,119,137
0900322070,East Granby,Latino,355,256
0900322070,East Granby,Other,203,161.47
0900322070,East Granby,Total,5256,148
0900322070,East Granby,White,4442,348
0900322630,East Hartford,Asian,1977,486
0900322630,East Hartford,Black,11943,950
0900322630,East Hartford,Latino,18029,946
0900322630,East Hartford,Other,1242,332.78
0900322630,East Hartford,Total,50453,48
0900322630,East Hartford,White,17262,965
0900324800,East Windsor,Asian,640,190
0900324800,East Windsor,Black,916,401
0900324800,East Windsor,Latino,724,357
0900324800,East Windsor,Other,295,155.21
0900324800,East Windsor,Total,11379,40
0900324800,East Windsor,White,8804,492
0900325990,Enfield,Asian,1170,339
0900325990,Enfield,Black,3002,469
0900325990,Enfield,Latino,4474,692
0900325990,Enfield,Other,1511,419.21
0900325990,Enfield,Total,44455,38
0900325990,Enfield,White,34298,819
0900327600,Farmington,Asian,2871,358
0900327600,Farmington,Black,467,152
0900327600,Farmington,Latino,1328,487
0900327600,Farmington,Other,553,224.44
0900327600,Farmington,Total,25546,27
0900327600,Farmington,White,20327,643
0900331240,Glastonbury,Asian,2801,319
0900331240,Glastonbury,Black,591,196
0900331240,Glastonbury,Latino,1886,552
0900331240,Glastonbury,Other,680,232.17
0900331240,Glastonbury,Total,34578,34
0900331240,Glastonbury,White,28620,730
0900332640,Granby,Asian,145,125
0900332640,Granby,Black,50,41
0900332640,Granby,Latino,84,63
0900332640,Granby,Other,201,137.04
0900332640,Granby,Total,11305,51
0900332640,Granby,White,10825,205
0900337070,Hartford,Asian,3624,581
0900337070,Hartford,Black,42843,1300
0900337070,Hartford,Latino,55074,1313
0900337070,Hartford,Other,3826,671
0900337070,Hartford,Total,123628,62
0900337070,Hartford,White,18261,1061
0900337140,Hartland,Asian,14,15
0900337140,Hartland,Black,5,6
0900337140,Hartland,Latino,26,33
0900337140,Hartland,Other,139,119.67
0900337140,Hartland,Total,2041,150
0900337140,Hartland,White,1857,130
0900344700,Manchester,Asian,6872,775
0900344700,Manchester,Black,8090,914
0900344700,Manchester,Latino,7606,1004
0900344700,Manchester,Other,2250,473.8
0900344700,Manchester,Total,57955,33
0900344700,Manchester,White,33137,1178
0900345820,Marlborough,Asian,53,75
0900345820,Marlborough,Black,70,81
0900345820,Marlborough,Latino,219,228
0900345820,Marlborough,Other,30,44.8
0900345820,Marlborough,Total,6394,21
0900345820,Marlborough,White,6022,280
0900350440,New Britain,Asian,2167,607
0900350440,New Britain,Black,8447,1003
0900350440,New Britain,Latino,30102,1088
0900350440,New Britain,Other,1919,433.94
0900350440,New Britain,Total,72839,42
0900350440,New Britain,White,30204,1074
0900352140,Newington,Asian,1701,446
0900352140,Newington,Black,1576,568
0900352140,Newington,Latino,2868,355
0900352140,Newington,Other,907,269.66
0900352140,Newington,Total,30323,32
0900352140,Newington,White,23271,796
0900360120,Plainville,Asian,583,315
0900360120,Plainville,Black,276,185
0900360120,Plainville,Latino,1830,373
0900360120,Plainville,Other,231,163.84
0900360120,Plainville,Total,17720,22
0900360120,Plainville,White,14800,575
0900365370,Rocky Hill,Asian,3523,572
0900365370,Rocky Hill,Black,1041,379
0900365370,Rocky Hill,Latino,679,245
0900365370,Rocky Hill,Other,612,308.67
0900365370,Rocky Hill,Total,20137,29
0900365370,Rocky Hill,White,14282,700
0900368940,Simsbury,Asian,730,244
0900368940,Simsbury,Black,420,180
0900368940,Simsbury,Latino,1258,464
0900368940,Simsbury,Other,478,177.7
0900368940,Simsbury,Total,24519,70
0900368940,Simsbury,White,21633,463
0900370550,Southington,Asian,1233,446
0900370550,Southington,Black,637,365
0900370550,Southington,Latino,1940,567
0900370550,Southington,Other,318,159.99
0900370550,Southington,Total,43763,33
0900370550,Southington,White,39635,856
0900371390,South Windsor,Asian,2666,429
0900371390,South Windsor,Black,623,323
0900371390,South Windsor,Latino,1750,392
0900371390,South Windsor,Other,650,236.46
0900371390,South Windsor,Total,25823,34
0900371390,South Windsor,White,20134,587
0900374540,Suffield,Asian,376,216
0900374540,Suffield,Black,1479,448
0900374540,Suffield,Latino,1063,287
0900374540,Suffield,Other,323,197.03
0900374540,Suffield,Total,15662,24
0900374540,Suffield,White,12421,497
0900382590,West Hartford,Asian,4749,548
0900382590,West Hartford,Black,3647,618
0900382590,West Hartford,Latino,6830,534
0900382590,West Hartford,Other,1624,371.74
0900382590,West Hartford,Total,63127,40
0900382590,West Hartford,White,46277,781
0900384900,Wethersfield,Asian,1130,447
0900384900,Wethersfield,Black,973,319
0900384900,Wethersfield,Latino,2459,400
0900384900,Wethersfield,Other,672,255.82
0900384900,Wethersfield,Total,26267,29
0900384900,Wethersfield,White,21033,559
0900387000,Windsor,Asian,1439,335
0900387000,Windsor,Black,11182,852
0900387000,Windsor,Latino,2549,534
0900387000,Windsor,Other,486,188.73
0900387000,Windsor,Total,28917,38
0900387000,Windsor,White,13261,831
0900387070,Windsor Locks,Asian,685,281
0900387070,Windsor Locks,Black,718,383
0900387070,Windsor Locks,Latino,505,231
0900387070,Windsor Locks,Other,391,198.86
0900387070,Windsor Locks,Total,12613,28
0900387070,Windsor Locks,White,10314,476
09005,Litchfield County,Asian,3361,257
09005,Litchfield County,Black,2863,185
09005,Litchfield County,Latino,10941,NA
09005,Litchfield County,Other,2968,374.85
09005,Litchfield County,Total,183031,NA
09005,Litchfield County,White,162898,148
0900502760,Barkhamsted,Asian,113,149
0900502760,Barkhamsted,Black,2,5
0900502760,Barkhamsted,Latino,36,52
0900502760,Barkhamsted,Other,53,56.33
0900502760,Barkhamsted,Total,3671,22
0900502760,Barkhamsted,White,3467,167
0900504930,Bethlehem,Asian,68,83
0900504930,Bethlehem,Black,34,43
0900504930,Bethlehem,Latino,31,25
0900504930,Bethlehem,Other,79,93.34
0900504930,Bethlehem,Total,3452,24
0900504930,Bethlehem,White,3240,132
0900508210,Bridgewater,Asian,13,12
0900508210,Bridgewater,Black,69,77
0900508210,Bridgewater,Latino,46,24
0900508210,Bridgewater,Other,54,40.71
0900508210,Bridgewater,Total,1706,111
0900508210,Bridgewater,White,1524,106
0900510940,Canaan,Asian,11,11
0900510940,Canaan,Black,41,41
0900510940,Canaan,Latino,10,13
0900510940,Canaan,Other,22,31
0900510940,Canaan,Total,1196,127
0900510940,Canaan,White,1112,121
0900516050,Colebrook,Asian,13,22
0900516050,Colebrook,Black,9,14
0900516050,Colebrook,Latino,29,23
0900516050,Colebrook,Other,0,12
0900516050,Colebrook,Total,1518,155
0900516050,Colebrook,White,1467,160
0900517240,Cornwall,Asian,23,23
0900517240,Cornwall,Black,9,9
0900517240,Cornwall,Latino,94,75
0900517240,Cornwall,Other,7,22.27
0900517240,Cornwall,Total,1302,127
0900517240,Cornwall,White,1169,106
0900532290,Goshen,Asian,22,24
0900532290,Goshen,Black,10,14
0900532290,Goshen,Latino,140,121
0900532290,Goshen,Other,115,90.8
0900532290,Goshen,Total,2903,21
0900532290,Goshen,White,2616,148
0900537280,Harwinton,Asian,34,54
0900537280,Harwinton,Black,128,151
0900537280,Harwinton,Latino,55,45
0900537280,Harwinton,Other,32,43.49
0900537280,Harwinton,Total,5469,31
0900537280,Harwinton,White,5220,172
0900540290,Kent,Asian,76,106
0900540290,Kent,Black,187,209
0900540290,Kent,Latino,116,217
0900540290,Kent,Other,108,65.38
0900540290,Kent,Total,2824,18
0900540290,Kent,White,2337,308
0900543370,Litchfield,Asian,91,61
0900543370,Litchfield,Black,100,65
0900543370,Litchfield,Latino,481,252
0900543370,Litchfield,Other,77,65.05
0900543370,Litchfield,Total,8198,23
0900543370,Litchfield,White,7449,273
0900549460,Morris,Asian,14,14
0900549460,Morris,Black,0,12
0900549460,Morris,Latino,47,33
0900549460,Morris,Other,14,27.5
0900549460,Morris,Total,2288,191
0900549460,Morris,White,2213,194
0900551350,New Hartford,Asian,0,17
0900551350,New Hartford,Black,52,85
0900551350,New Hartford,Latino,261,233
0900551350,New Hartford,Other,49,50.23
0900551350,New Hartford,Total,6755,40
0900551350,New Hartford,White,6393,251
0900552630,New Milford,Asian,836,273
0900552630,New Milford,Black,242,102
0900552630,New Milford,Latino,2280,490
0900552630,New Milford,Other,494,214.02
0900552630,New Milford,Total,27196,30
0900552630,New Milford,White,23344,571
0900553470,Norfolk,Asian,5,8
0900553470,Norfolk,Black,5,7
0900553470,Norfolk,Latino,34,45
0900553470,Norfolk,Other,50,47.76
0900553470,Norfolk,Total,1503,140
0900553470,Norfolk,White,1409,133
0900554030,North Canaan,Asian,7,12
0900554030,North Canaan,Black,117,106
0900554030,North Canaan,Latino,221,151
0900554030,North Canaan,Other,29,36.5
0900554030,North Canaan,Total,3302,21
0900554030,North Canaan,White,2928,183
0900560750,Plymouth,Asian,17,19
0900560750,Plymouth,Black,241,155
0900560750,Plymouth,Latino,712,276
0900560750,Plymouth,Other,416,172.3
0900560750,Plymouth,Total,11782,22
0900560750,Plymouth,White,10396,365
0900565930,Roxbury,Asian,41,46
0900565930,Roxbury,Black,0,12
0900565930,Roxbury,Latino,23,17
0900565930,Roxbury,Other,6,23.07
0900565930,Roxbury,Total,2103,158
0900565930,Roxbury,White,2033,150
0900566420,Salisbury,Asian,43,47
0900566420,Salisbury,Black,14,20
0900566420,Salisbury,Latino,54,57
0900566420,Salisbury,Other,25,29.66
0900566420,Salisbury,Total,3631,22
0900566420,Salisbury,White,3495,76
0900567960,Sharon,Asian,45,33
0900567960,Sharon,Black,29,37
0900567960,Sharon,Latino,70,64
0900567960,Sharon,Other,91,97.25
0900567960,Sharon,Total,2721,27
0900567960,Sharon,White,2486,128
0900575730,Thomaston,Asian,29,44
0900575730,Thomaston,Black,39,44
0900575730,Thomaston,Latino,220,108
0900575730,Thomaston,Other,38,41.26
0900575730,Thomaston,Total,7623,19
0900575730,Thomaston,White,7297,147
0900576570,Torrington,Asian,864,278
0900576570,Torrington,Black,935,262
0900576570,Torrington,Latino,3948,557
0900576570,Torrington,Other,670,176.66
0900576570,Torrington,Total,34737,29
0900576570,Torrington,White,28320,645
0900579510,Warren,Asian,21,19
0900579510,Warren,Black,0,12
0900579510,Warren,Latino,46,30
0900579510,Warren,Other,21,26.85
0900579510,Warren,Total,1432,121
0900579510,Warren,White,1344,119
0900579720,Washington,Asian,70,101
0900579720,Washington,Black,42,90
0900579720,Washington,Latino,141,105
0900579720,Washington,Other,22,33.29
0900579720,Washington,Total,3472,23
0900579720,Washington,White,3197,176
0900580490,Watertown,Asian,374,275
0900580490,Watertown,Black,428,255
0900580490,Watertown,Latino,991,284
0900580490,Watertown,Other,173,144.98
0900580490,Watertown,Total,21832,28
0900580490,Watertown,White,19866,477
0900586440,Winchester,Asian,98,114
0900586440,Winchester,Black,94,61
0900586440,Winchester,Latino,388,117
0900586440,Winchester,Other,235,148.25
0900586440,Winchester,Total,10798,24
0900586440,Winchester,White,9983,224
0900587910,Woodbury,Asian,433,233
0900587910,Woodbury,Black,36,33
0900587910,Woodbury,Latino,467,262
0900587910,Woodbury,Other,88,73.26
0900587910,Woodbury,Total,9617,26
0900587910,Woodbury,White,8593,322
09007,Middlesex County,Asian,4956,193
09007,Middlesex County,Black,8050,297
09007,Middlesex County,Latino,9835,NA
09007,Middlesex County,Other,2831,422.1
09007,Middlesex County,Total,163368,NA
09007,Middlesex County,White,137696,119
0900714300,Chester,Asian,82,81
0900714300,Chester,Black,19,23
0900714300,Chester,Latino,137,98
0900714300,Chester,Other,0,12
0900714300,Chester,Total,4268,27
0900714300,Chester,White,4030,123
0900715350,Clinton,Asian,125,63
0900715350,Clinton,Black,56,50
0900715350,Clinton,Latino,1203,347
0900715350,Clinton,Other,213,116.81
0900715350,Clinton,Total,12976,32
0900715350,Clinton,White,11379,398
0900718080,Cromwell,Asian,452,216
0900718080,Cromwell,Black,833,243
0900718080,Cromwell,Latino,1364,353
0900718080,Cromwell,Other,168,97.71
0900718080,Cromwell,Total,13973,26
0900718080,Cromwell,White,11156,463
0900719130,Deep River,Asian,59,45
0900719130,Deep River,Black,113,93
0900719130,Deep River,Latino,175,109
0900719130,Deep River,Other,88,85.71
0900719130,Deep River,Total,4493,29
0900719130,Deep River,White,4058,194
0900720810,Durham,Asian,44,63
0900720810,Durham,Black,7,14
0900720810,Durham,Latino,98,88
0900720810,Durham,Other,109,120.65
0900720810,Durham,Total,7248,17
0900720810,Durham,White,6990,195
0900722280,East Haddam,Asian,77,119
0900722280,East Haddam,Black,60,71
0900722280,East Haddam,Latino,330,218
0900722280,East Haddam,Other,78,83.37
0900722280,East Haddam,Total,9032,20
0900722280,East Haddam,White,8487,267
0900722490,East Hampton,Asian,344,205
0900722490,East Hampton,Black,170,133
0900722490,East Hampton,Latino,401,177
0900722490,East Hampton,Other,178,129.8
0900722490,East Hampton,Total,12856,26
0900722490,East Hampton,White,11763,373
0900726270,Essex,Asian,122,75
0900726270,Essex,Black,241,263
0900726270,Essex,Latino,254,145
0900726270,Essex,Other,121,116.77
0900726270,Essex,Total,6599,36
0900726270,Essex,White,5861,355
0900735230,Haddam,Asian,273,192
0900735230,Haddam,Black,63,53
0900735230,Haddam,Latino,230,170
0900735230,Haddam,Other,31,42.04
0900735230,Haddam,Total,8267,28
0900735230,Haddam,White,7670,258
0900740710,Killingworth,Asian,71,68
0900740710,Killingworth,Black,28,44
0900740710,Killingworth,Latino,82,73
0900740710,Killingworth,Other,50,56.31
0900740710,Killingworth,Total,6414,20
0900740710,Killingworth,White,6183,118
0900747080,Middlefield,Asian,78,91
0900747080,Middlefield,Black,4,9
0900747080,Middlefield,Latino,63,48
0900747080,Middlefield,Other,12,23.19
0900747080,Middlefield,Total,4385,19
0900747080,Middlefield,White,4228,99
0900747360,Middletown,Asian,2866,240
0900747360,Middletown,Black,6273,430
0900747360,Middletown,Latino,4540,527
0900747360,Middletown,Other,1282,268.5
0900747360,Middletown,Total,46473,34
0900747360,Middletown,White,31512,670
0900757320,Old Saybrook,Asian,334,232
0900757320,Old Saybrook,Black,83,84
0900757320,Old Saybrook,Latino,554,270
0900757320,Old Saybrook,Other,230,244.23
0900757320,Old Saybrook,Total,10118,22
0900757320,Old Saybrook,White,8917,367
0900761800,Portland,Asian,24,26
0900761800,Portland,Black,44,48
0900761800,Portland,Latino,193,121
0900761800,Portland,Other,87,84.31
0900761800,Portland,Total,9362,23
0900761800,Portland,White,9014,165
0900781680,Westbrook,Asian,5,6
0900781680,Westbrook,Black,56,55
0900781680,Westbrook,Latino,211,166
0900781680,Westbrook,Other,184,152.34
0900781680,Westbrook,Total,6904,43
0900781680,Westbrook,White,6448,262
09009,New Haven County,Asian,33850,726
09009,New Haven County,Black,106325,1160
09009,New Haven County,Latino,151361,NA
09009,New Haven County,Other,21683,1545.94
09009,New Haven County,Total,859339,NA
09009,New Haven County,White,546120,493
0900901220,Ansonia,Asian,300,184
0900901220,Ansonia,Black,2330,588
0900901220,Ansonia,Latino,4327,642
0900901220,Ansonia,Other,363,226.88
0900901220,Ansonia,Total,18860,52
0900901220,Ansonia,White,11540,668
0900903250,Beacon Falls,Asian,42,47
0900903250,Beacon Falls,Black,113,108
0900903250,Beacon Falls,Latino,174,186
0900903250,Beacon Falls,Other,40,53.78
0900903250,Beacon Falls,Total,6115,23
0900903250,Beacon Falls,White,5746,259
0900904580,Bethany,Asian,406,197
0900904580,Bethany,Black,68,81
0900904580,Bethany,Latino,356,240
0900904580,Bethany,Other,201,194.24
0900904580,Bethany,Total,5504,17
0900904580,Bethany,White,4473,348
0900907310,Branford,Asian,1223,477
0900907310,Branford,Black,341,154
0900907310,Branford,Latino,1449,526
0900907310,Branford,Other,431,205.81
0900907310,Branford,Total,28094,28
0900907310,Branford,White,24650,670
0900914160,Cheshire,Asian,2234,371
0900914160,Cheshire,Black,1376,304
0900914160,Cheshire,Latino,1207,309
0900914160,Cheshire,Other,873,274.67
0900914160,Cheshire,Total,29208,45
0900914160,Cheshire,White,23518,526
0900919550,Derby,Asian,369,365
0900919550,Derby,Black,628,357
0900919550,Derby,Latino,2920,677
0900919550,Derby,Other,317,185.03
0900919550,Derby,Total,12596,35
0900919550,Derby,White,8362,739
0900922910,East Haven,Asian,1000,354
0900922910,East Haven,Black,683,344
0900922910,East Haven,Latino,4431,722
0900922910,East Haven,Other,630,355.79
0900922910,East Haven,Total,28860,31
0900922910,East Haven,White,22116,801
0900934950,Guilford,Asian,834,396
0900934950,Guilford,Black,213,202
0900934950,Guilford,Latino,1085,333
0900934950,Guilford,Other,470,199.39
0900934950,Guilford,Total,22285,42
0900934950,Guilford,White,19683,550
0900935650,Hamden,Asian,3062,489
0900935650,Hamden,Black,14595,1151
0900935650,Hamden,Latino,7199,813
0900935650,Hamden,Other,1720,530.64
0900935650,Hamden,Total,61206,55
0900935650,Hamden,White,34630,997
0900944560,Madison,Asian,473,215
0900944560,Madison,Black,86,60
0900944560,Madison,Latino,348,231
0900944560,Madison,Other,466,341.48
0900944560,Madison,Total,18183,83
0900944560,Madison,White,16810,376
0900946520,Meriden,Asian,888,326
0900946520,Meriden,Black,5615,798
0900946520,Meriden,Latino,16392,1096
0900946520,Meriden,Other,1150,369.99
0900946520,Meriden,Total,59864,85
0900946520,Meriden,White,35819,1038
0900946940,Middlebury,Asian,353,153
0900946940,Middlebury,Black,66,74
0900946940,Middlebury,Latino,457,259
0900946940,Middlebury,Other,145,103.29
0900946940,Middlebury,Total,7661,23
0900946940,Middlebury,White,6640,304
0900947535,Milford,Asian,3302,560
0900947535,Milford,Black,1412,459
0900947535,Milford,Latino,3560,602
0900947535,Milford,Other,1021,303.24
0900947535,Milford,Total,54047,34
0900947535,Milford,White,44752,838
0900949950,Naugatuck,Asian,968,450
0900949950,Naugatuck,Black,2421,492
0900949950,Naugatuck,Latino,3555,733
0900949950,Naugatuck,Other,1375,505.95
0900949950,Naugatuck,Total,31481,30
0900949950,Naugatuck,White,23162,918
0900952070,New Haven,Asian,6081,722
0900952070,New Haven,Black,41070,1550
0900952070,New Haven,Latino,39534,1761
0900952070,New Haven,Other,4080,633.56
0900952070,New Haven,Total,130529,108
0900952070,New Haven,White,39764,1492
0900953890,North Branford,Asian,271,271
0900953890,North Branford,Black,379,419
0900953890,North Branford,Latino,507,251
0900953890,North Branford,Other,180,159.43
0900953890,North Branford,Total,14208,25
0900953890,North Branford,White,12871,548
0900954870,North Haven,Asian,1376,402
0900954870,North Haven,Black,737,335
0900954870,North Haven,Latino,1229,450
0900954870,North Haven,Other,372,195.4
0900954870,North Haven,Total,23786,62
0900954870,North Haven,White,20072,604
0900957600,Orange,Asian,1029,232
0900957600,Orange,Black,255,150
0900957600,Orange,Latino,272,146
0900957600,Orange,Other,258,186.82
0900957600,Orange,Total,13937,37
0900957600,Orange,White,12123,396
0900958300,Oxford,Asian,117,148
0900958300,Oxford,Black,447,291
0900958300,Oxford,Latino,531,219
0900958300,Oxford,Other,67,62.39
0900958300,Oxford,Total,13022,23
0900958300,Oxford,White,11860,394
0900962290,Prospect,Asian,26,28
0900962290,Prospect,Black,515,352
0900962290,Prospect,Latino,484,292
0900962290,Prospect,Other,145,126.48
0900962290,Prospect,Total,9736,31
0900962290,Prospect,White,8566,536
0900967610,Seymour,Asian,248,181
0900967610,Seymour,Black,391,175
0900967610,Seymour,Latino,2649,751
0900967610,Seymour,Other,157,105.28
0900967610,Seymour,Total,16522,36
0900967610,Seymour,White,13077,734
0900969640,Southbury,Asian,526,242
0900969640,Southbury,Black,245,175
0900969640,Southbury,Latino,901,394
0900969640,Southbury,Other,219,118.94
0900969640,Southbury,Total,19754,40
0900969640,Southbury,White,17863,493
0900978740,Wallingford,Asian,2010,544
0900978740,Wallingford,Black,692,257
0900978740,Wallingford,Latino,3326,639
0900978740,Wallingford,Other,450,172.72
0900978740,Wallingford,Total,44771,35
0900978740,Wallingford,White,38293,859
0900980070,Waterbury,Asian,2617,610
0900980070,Waterbury,Black,20444,1222
0900980070,Waterbury,Latino,39938,1444
0900980070,Waterbury,Other,4462,825.59
0900980070,Waterbury,Total,108672,53
0900980070,Waterbury,White,41211,1443
0900982870,West Haven,Asian,2489,604
0900982870,West Haven,Black,10496,1040
0900982870,West Haven,Latino,12952,1196
0900982870,West Haven,Other,1729,459.86
0900982870,West Haven,Total,54918,54
0900982870,West Haven,White,27252,1081
0900987560,Wolcott,Asian,246,178
0900987560,Wolcott,Black,468,243
0900987560,Wolcott,Latino,1082,539
0900987560,Wolcott,Other,220,162.25
0900987560,Wolcott,Total,16652,30
0900987560,Wolcott,White,14636,588
0900987700,Woodbridge,Asian,1360,379
0900987700,Woodbridge,Black,239,176
0900987700,Woodbridge,Latino,496,216
0900987700,Woodbridge,Other,142,91.03
0900987700,Woodbridge,Total,8868,31
0900987700,Woodbridge,White,6631,418
09011,New London County,Asian,10972,338
09011,New London County,Black,14219,653
09011,New London County,Latino,27762,NA
09011,New London County,Other,11743,976.32
09011,New London County,Total,268881,NA
09011,New London County,White,204185,173
0901106820,Bozrah,Asian,23,24
0901106820,Bozrah,Black,68,81
0901106820,Bozrah,Latino,23,18
0901106820,Bozrah,Other,115,76.86
0901106820,Bozrah,Total,2567,17
0901106820,Bozrah,White,2338,116
0901115910,Colchester,Asian,378,251
0901115910,Colchester,Black,248,112
0901115910,Colchester,Latino,574,244
0901115910,Colchester,Other,337,167.37
0901115910,Colchester,Total,15927,20
0901115910,Colchester,White,14390,385
0901123400,East Lyme,Asian,959,226
0901123400,East Lyme,Black,729,234
0901123400,East Lyme,Latino,1220,329
0901123400,East Lyme,Other,457,133.13
0901123400,East Lyme,Total,18766,64
0901123400,East Lyme,White,15401,405
0901129910,Franklin,Asian,8,8
0901129910,Franklin,Black,16,18
0901129910,Franklin,Latino,62,37
0901129910,Franklin,Other,33,25.46
0901129910,Franklin,Total,1842,93
0901129910,Franklin,White,1723,96
0901133900,Griswold,Asian,414,257
0901133900,Griswold,Black,202,215
0901133900,Griswold,Latino,285,146
0901133900,Griswold,Other,654,272.97
0901133900,Griswold,Total,11693,29
0901133900,Griswold,White,10138,428
0901134250,Groton,Asian,1906,378
0901134250,Groton,Black,2728,478
0901134250,Groton,Latino,5259,732
0901134250,Groton,Other,1742,401.97
0901134250,Groton,Total,39105,43
0901134250,Groton,White,27470,804
0901142390,Lebanon,Asian,113,128
0901142390,Lebanon,Black,31,46
0901142390,Lebanon,Latino,169,110
0901142390,Lebanon,Other,94,83.37
0901142390,Lebanon,Total,7256,40
0901142390,Lebanon,White,6849,218
0901142600,Ledyard,Asian,605,262
0901142600,Ledyard,Black,306,171
0901142600,Ledyard,Latino,782,223
0901142600,Ledyard,Other,976,296.59
0901142600,Ledyard,Total,14850,38
0901142600,Ledyard,White,12181,334
0901143230,Lisbon,Asian,68,58
0901143230,Lisbon,Black,11,16
0901143230,Lisbon,Latino,72,59
0901143230,Lisbon,Other,96,78.11
0901143230,Lisbon,Total,4272,21
0901143230,Lisbon,White,4025,112
0901144210,Lyme,Asian,12,13
0901144210,Lyme,Black,40,54
0901144210,Lyme,Latino,58,49
0901144210,Lyme,Other,29,45.08
0901144210,Lyme,Total,2469,102
0901144210,Lyme,White,2330,127
0901148900,Montville,Asian,1099,348
0901148900,Montville,Black,977,357
0901148900,Montville,Latino,1495,350
0901148900,Montville,Other,1152,342.83
0901148900,Montville,Total,19094,31
0901148900,Montville,White,14371,614
0901152350,New London,Asian,542,182
0901152350,New London,Black,3561,480
0901152350,New London,Latino,9375,658
0901152350,New London,Other,1623,387.33
0901152350,New London,Total,27032,46
0901152350,New London,White,11931,635
0901155500,North Stonington,Asian,91,95
0901155500,North Stonington,Black,96,77
0901155500,North Stonington,Latino,96,120
0901155500,North Stonington,Other,439,318.48
0901155500,North Stonington,Total,5242,18
0901155500,North Stonington,White,4520,387
0901156270,Norwich,Asian,3401,504
0901156270,Norwich,Black,4154,530
0901156270,Norwich,Latino,5647,759
0901156270,Norwich,Other,2324,559.41
0901156270,Norwich,Total,39567,43
0901156270,Norwich,White,24041,915
0901157040,Old Lyme,Asian,41,31
0901157040,Old Lyme,Black,70,107
0901157040,Old Lyme,Latino,347,282
0901157040,Old Lyme,Other,129,88.78
0901157040,Old Lyme,Total,7431,28
0901157040,Old Lyme,White,6844,298
0901162150,Preston,Asian,270,204
0901162150,Preston,Black,38,51
0901162150,Preston,Latino,43,44
0901162150,Preston,Other,343,212.82
0901162150,Preston,Total,4666,21
0901162150,Preston,White,3972,273
0901166210,Salem,Asian,148,142
0901166210,Salem,Black,129,117
0901166210,Salem,Latino,161,114
0901166210,Salem,Other,30,51.39
0901166210,Salem,Total,4126,22
0901166210,Salem,White,3658,209
0901171670,Sprague,Asian,0,12
0901171670,Sprague,Black,42,41
0901171670,Sprague,Latino,133,90
0901171670,Sprague,Other,204,113.24
0901171670,Sprague,Total,2929,33
0901171670,Sprague,White,2550,138
0901173770,Stonington,Asian,336,147
0901173770,Stonington,Black,205,104
0901173770,Stonington,Latino,754,295
0901173770,Stonington,Other,378,151.61
0901173770,Stonington,Total,18436,25
0901173770,Stonington,White,16763,336
0901178600,Voluntown,Asian,23,29
0901178600,Voluntown,Black,0,12
0901178600,Voluntown,Latino,64,42
0901178600,Voluntown,Other,74,40.87
0901178600,Voluntown,Total,2559,23
0901178600,Voluntown,White,2398,70
0901180280,Waterford,Asian,535,241
0901180280,Waterford,Black,568,211
0901180280,Waterford,Latino,1143,292
0901180280,Waterford,Other,514,147.5
0901180280,Waterford,Total,19052,33
0901180280,Waterford,White,16292,490
09013,Tolland County,Asian,7013,249
09013,Tolland County,Black,4299,287
09013,Tolland County,Latino,8086,NA
09013,Tolland County,Other,3268,389.93
09013,Tolland County,Total,151269,NA
09013,Tolland County,White,128603,169
0901301080,Andover,Asian,0,12
0901301080,Andover,Black,68,80
0901301080,Andover,Latino,107,79
0901301080,Andover,Other,41,50.48
0901301080,Andover,Total,3223,122
0901301080,Andover,White,3007,161
0901306260,Bolton,Asian,87,108
0901306260,Bolton,Black,58,41
0901306260,Bolton,Latino,339,183
0901306260,Bolton,Other,65,59.73
0901306260,Bolton,Total,4928,21
0901306260,Bolton,White,4379,217
0901316400,Columbia,Asian,52,82
0901316400,Columbia,Black,7,15
0901316400,Columbia,Latino,452,276
0901316400,Columbia,Other,0,17
0901316400,Columbia,Total,5421,21
0901316400,Columbia,White,4910,294
0901317800,Coventry,Asian,61,73
0901317800,Coventry,Black,46,57
0901317800,Coventry,Latino,524,291
0901317800,Coventry,Other,211,176.49
0901317800,Coventry,Total,12422,32
0901317800,Coventry,White,11580,340
0901325360,Ellington,Asian,798,336
0901325360,Ellington,Black,234,151
0901325360,Ellington,Latino,803,322
0901325360,Ellington,Other,425,249.71
0901325360,Ellington,Total,16041,23
0901325360,Ellington,White,13781,493
0901337910,Hebron,Asian,195,122
0901337910,Hebron,Black,23,24
0901337910,Hebron,Latino,134,79
0901337910,Hebron,Other,107,74.8
0901337910,Hebron,Total,9522,19
0901337910,Hebron,White,9063,166
0901344910,Mansfield,Asian,2786,286
0901344910,Mansfield,Black,1124,270
0901344910,Mansfield,Latino,1346,275
0901344910,Mansfield,Other,628,208.6
0901344910,Mansfield,Total,25977,54
0901344910,Mansfield,White,20093,445
0901369220,Somers,Asian,189,105
0901369220,Somers,Black,725,119
0901369220,Somers,Latino,688,168
0901369220,Somers,Other,135,67.51
0901369220,Somers,Total,11137,35
0901369220,Somers,White,9400,256
0901372090,Stafford,Asian,72,59
0901372090,Stafford,Black,96,68
0901372090,Stafford,Latino,378,165
0901372090,Stafford,Other,337,159.48
0901372090,Stafford,Total,11890,58
0901372090,Stafford,White,11007,272
0901376290,Tolland,Asian,421,286
0901376290,Tolland,Black,116,78
0901376290,Tolland,Latino,263,258
0901376290,Tolland,Other,291,153.24
0901376290,Tolland,Total,14766,23
0901376290,Tolland,White,13675,394
0901377830,Union,Asian,14,16
0901377830,Union,Black,5,7
0901377830,Union,Latino,10,13
0901377830,Union,Other,20,39.85
0901377830,Union,Total,873,124
0901377830,Union,White,824,116
0901378250,Vernon,Asian,1974,357
0901378250,Vernon,Black,1765,342
0901378250,Vernon,Latino,2617,460
0901378250,Vernon,Other,879,296.09
0901378250,Vernon,Total,29157,69
0901378250,Vernon,White,21922,596
0901385950,Willington,Asian,364,183
0901385950,Willington,Black,32,40
0901385950,Willington,Latino,425,343
0901385950,Willington,Other,129,81.5
0901385950,Willington,Total,5912,22
0901385950,Willington,White,4962,401
09015,Windham County,Asian,1552,154
09015,Windham County,Black,2084,233
09015,Windham County,Latino,13368,NA
09015,Windham County,Other,2739,291.74
09015,Windham County,Total,116538,NA
09015,Windham County,White,96795,92
0901501430,Ashford,Asian,53,47
0901501430,Ashford,Black,35,42
0901501430,Ashford,Latino,233,131
0901501430,Ashford,Other,67,74.94
0901501430,Ashford,Total,4234,20
0901501430,Ashford,White,3846,192
0901509190,Brooklyn,Asian,197,181
0901509190,Brooklyn,Black,172,85
0901509190,Brooklyn,Latino,178,66
0901509190,Brooklyn,Other,162,141.11
0901509190,Brooklyn,Total,8243,28
0901509190,Brooklyn,White,7534,283
0901512130,Canterbury,Asian,89,75
0901512130,Canterbury,Black,60,59
0901512130,Canterbury,Latino,30,24
0901512130,Canterbury,Other,56,47.29
0901512130,Canterbury,Total,5074,22
0901512130,Canterbury,White,4839,105
0901513810,Chaplin,Asian,11,12
0901513810,Chaplin,Black,0,12
0901513810,Chaplin,Latino,183,108
0901513810,Chaplin,Other,43,38.16
0901513810,Chaplin,Total,2329,151
0901513810,Chaplin,White,2092,186
0901521860,Eastford,Asian,0,12
0901521860,Eastford,Black,3,4
0901521860,Eastford,Latino,71,39
0901521860,Eastford,Other,13,23.52
0901521860,Eastford,Total,1721,118
0901521860,Eastford,White,1634,131
0901536000,Hampton,Asian,7,7
0901536000,Hampton,Black,6,8
0901536000,Hampton,Latino,56,30
0901536000,Hampton,Other,56,40.11
0901536000,Hampton,Total,1861,103
0901536000,Hampton,White,1736,112
0901540500,Killingly,Asian,264,197
0901540500,Killingly,Black,303,149
0901540500,Killingly,Latino,620,304
0901540500,Killingly,Other,798,306.77
0901540500,Killingly,Total,17170,23
0901540500,Killingly,White,15185,568
0901559980,Plainfield,Asian,327,234
0901559980,Plainfield,Black,257,149
0901559980,Plainfield,Latino,906,460
0901559980,Plainfield,Other,323,168.19
0901559980,Plainfield,Total,15114,26
0901559980,Plainfield,White,13301,546
0901561030,Pomfret,Asian,9,13
0901561030,Pomfret,Black,27,27
0901561030,Pomfret,Latino,116,102
0901561030,Pomfret,Other,63,64.44
0901561030,Pomfret,Total,4173,15
0901561030,Pomfret,White,3958,112
0901562710,Putnam,Asian,77,75
0901562710,Putnam,Black,31,33
0901562710,Putnam,Latino,260,147
0901562710,Putnam,Other,251,122.98
0901562710,Putnam,Total,9360,21
0901562710,Putnam,White,8741,184
0901567400,Scotland,Asian,1,3
0901567400,Scotland,Black,0,12
0901567400,Scotland,Latino,64,47
0901567400,Scotland,Other,10,24.52
0901567400,Scotland,Total,1653,164
0901567400,Scotland,White,1578,166
0901573420,Sterling,Asian,0,12
0901573420,Sterling,Black,101,124
0901573420,Sterling,Latino,91,105
0901573420,Sterling,Other,46,48.01
0901573420,Sterling,Total,3762,34
0901573420,Sterling,White,3524,170
0901575870,Thompson,Asian,61,45
0901575870,Thompson,Black,12,13
0901575870,Thompson,Latino,135,95
0901575870,Thompson,Other,149,86.99
0901575870,Thompson,Total,9343,31
0901575870,Thompson,White,8986,162
0901586790,Windham,Asian,419,143
0901586790,Windham,Black,1077,232
0901586790,Windham,Latino,10234,513
0901586790,Windham,Other,602,178.41
0901586790,Windham,Total,24688,70
0901586790,Windham,White,12356,563
0901588190,Woodstock,Asian,37,55
0901588190,Woodstock,Black,0,17
0901588190,Woodstock,Latino,191,216
0901588190,Woodstock,Other,100,94.69
0901588190,Woodstock,Total,7813,37
0901588190,Woodstock,White,7485,249
NA,Greater Bridgeport,Asian,12587,1354
NA,Greater Bridgeport,Black,59260,1936
NA,Greater Bridgeport,Latino,75331,2063
NA,Greater Bridgeport,Other,8831,1039.63
NA,Greater Bridgeport,Total,323647,101
NA,Greater Bridgeport,White,167638,2193
NA,Greater New Haven,Asian,22906,1570
NA,Greater New Haven,Black,70574,2357
NA,Greater New Haven,Latino,73418,2628
NA,Greater New Haven,Other,11700,1206.39
NA,Greater New Haven,Total,464425,190
NA,Greater New Haven,White,285827,2783
NA,Greater Waterbury,Asian,9141,1040
NA,Greater Waterbury,Black,27095,1497
NA,Greater Waterbury,Latino,53242,1973
NA,Greater Waterbury,Other,8727,1089.25
NA,Greater Waterbury,Total,334123,322
NA,Greater Waterbury,White,235918,2303
NA,Lower Naugatuck Valley,Asian,3779,730
NA,Lower Naugatuck Valley,Black,6973,976
NA,Lower Naugatuck Valley,Latino,17506,1544
NA,Lower Naugatuck Valley,Other,2750,625.96
NA,Lower Naugatuck Valley,Total,139751,93
NA,Lower Naugatuck Valley,White,108743,1792
